ID,V_Time,V1,V2,V3,V4,V5,V6,V7,V8,V9,V10,V11,V12,V13,V14,V15,V16,V17,V18,V19,V20,V21,V22,V23,V24,V25,V26,V27,V28,V29,V30
54043,46270,-2.389003467,0.508245865,0.955227432,0.355584515,-1.346217287,0.052071382,-1.140843591,1.563165241,-0.141766471,-1.020785504,-0.07568754,0.738392666,-0.659806626,0.754037934,-0.640011843,0.78058347,0.028947349,0.769433071,0.557258362,-0.339212564,0.190740203,0.019433119,-0.096178597,0.025572298,-0.271134978,0.249452094,-0.487983936,-0.221524533,0.035280613,-2.741180053
100632,67577,1.324635783,0.095398265,-0.105590657,0.246711601,0.320204366,0.257464621,-0.117372752,0.073555891,0.265088873,-0.096078308,-1.395655464,-0.462133748,-0.311532836,0.352941286,1.482462596,0.458303698,-0.600153616,-0.430975754,0.067007128,-0.128786489,-0.335730688,-0.955959681,-0.004008399,-1.3344935,0.290240433,0.219790431,-0.000749827,-0.015829456,0.002405932,-7.049453003
260528,159600,-0.083894563,0.54334958,-0.244593463,-0.750945172,0.804469671,-0.429098265,1.249976666,-0.17931939,-0.058559851,-0.495833807,-1.773634764,0.040443457,0.699509715,-0.011132553,-0.361844246,0.20358102,-0.828419353,-0.429028405,0.27938965,0.247161113,-0.264118522,-0.738257542,0.164437729,-1.005575348,-0.293204433,0.179688717,0.218246171,0.086205127,0.112602557,-1.469654598
244435,152354,2.027799778,-0.080260539,-1.167567255,0.210230986,0.136417018,-0.676231429,0.137029104,-0.212528434,0.176972066,0.185304441,0.830279108,1.463033831,0.884092792,0.288862135,-0.743707243,0.144720826,-0.705460187,-0.365984677,0.563376757,-0.139748197,-0.255778155,-0.572260506,0.282490097,-0.319414232,-0.266086596,0.195816749,-0.061285971,-0.068096565,0.011066339,-0.322346558
25470,33626,-0.621263352,-0.400795073,1.5998988,-0.959784266,0.457529603,0.033134719,-0.015272554,-0.128393533,-1.793274715,0.76462787,0.286100796,-0.05771934,0.875755393,-0.102888882,0.77205117,-1.229276901,-0.464147006,1.969878655,1.1456959,0.124626528,-0.440349747,-0.884313664,-0.1570009,-0.797327048,0.016988836,1.121202366,-0.180909645,-0.167882974,0.049451824,-2.212872425
198077,132323,-0.163915817,0.818601683,-0.222479059,-0.20466564,0.752428112,-1.093121045,1.467968387,-0.57199367,0.051812244,-0.750139579,-0.563812283,-0.717636247,-0.608842182,-0.899167879,0.836640748,-0.085441165,0.397785287,0.713718578,-0.114336958,-0.081106126,0.281522624,1.12787975,-0.135850441,-0.155648796,-0.511983103,-0.176758955,-0.037860744,-0.01627406,0.08578367,9.956985647
193977,130390,0.012486613,0.914467777,-1.566463543,-1.288635228,0.99344372,-0.275424181,0.495783512,0.363890607,0.009293479,-1.479886057,0.214892872,0.573169017,0.373737865,-0.567901718,1.133659791,-1.098174904,1.8319013,-1.366998769,-0.685592142,-0.299539611,0.229112349,0.770472335,0.082816371,-1.061394193,-0.646250719,0.770762487,-0.222266098,-0.086219276,0.002911642,-0.510510322
155026,104146,2.039189267,0.272821996,-1.686354699,0.752653015,0.257394826,-1.409777681,0.189251458,-0.446387355,1.955904683,-0.882308727,0.411024908,-2.780870007,1.194112552,0.70084403,0.231867039,0.260550218,1.193355098,0.929308315,-0.604183745,-0.239001211,0.027748262,0.458415864,-0.037388102,-0.271483327,0.250198749,-0.120035887,-0.032163245,-0.048038216,0.023521205,0.484766026
216305,140431,1.982466759,-0.019116871,-0.738091182,0.658930035,-0.396992084,-0.88474397,-0.410458227,-0.181653799,1.126520064,-0.669673766,-0.297109968,0.982479372,1.534441167,-1.64935441,0.625190994,0.436546387,0.31085871,0.645967277,-0.528407939,-0.084440343,0.244302389,1.005216961,0.037008619,0.030220068,0.02833269,-0.151007529,0.054964429,-0.014346049,0.007886976,-2.368100799
61635,49924,1.017305356,-0.931518054,0.798513154,0.451339981,-1.038079136,0.837683876,-0.997665117,0.439049818,-0.508989452,0.773141976,0.974589559,0.124480503,-1.287906514,0.286126318,0.285736781,-1.77481873,0.340855938,1.22031846,-1.564471492,-0.531027878,-0.10449905,0.131066001,-0.061312756,-0.332649231,0.26461913,-0.191491263,0.075332866,0.035362123,0.108800249,5.77813038
278005,167988,-0.739120217,-0.778644338,0.870380041,-3.016662895,-0.751511085,-0.346405116,-0.056080261,-0.014215771,-1.915213058,1.027987533,0.028876458,-0.892788734,-0.340190649,-0.399880432,-1.423086397,0.006970831,-0.162791736,0.714005459,-0.415860229,-0.281265927,-0.105421238,0.128691417,-0.05072513,-0.401154016,-0.129375569,-0.27834009,0.244307374,0.228101554,0.12587426,1.730048966
27586,34616,-2.095707911,-1.586988593,1.815494247,0.359885749,0.229030495,-0.488863407,-1.246419852,0.255069484,-0.429276462,1.160634041,0.091150278,-0.442086025,-1.331584552,-0.054681652,-0.150667626,-0.881780089,-0.470552918,2.280375626,-0.466388448,-1.055258373,-0.488177682,-0.368690004,-0.430745437,-0.031087569,-0.652042662,-0.487146436,0.556466742,0.186734936,0.159181512,-2.294172988
72531,54751,0.923293515,-0.980462142,-0.436633886,0.053955646,-0.854195708,-1.171955311,0.406627056,-0.456742496,-1.292783329,0.676202441,-0.524955354,-0.127748706,0.328377397,0.391679836,0.589863124,-1.597522479,0.040167857,0.830398062,-0.899677361,0.017737946,-0.236206059,-0.745003434,-0.257147984,0.413800537,0.449549514,0.514532478,-0.093581799,0.036537455,0.329190007,9.515036391
209980,137796,-0.187755485,1.097823944,0.189055343,-0.620626918,0.359598321,-0.96433334,0.777670953,-1.030089126,-0.06137799,-0.351217604,-0.848395167,0.455277428,0.493185,0.04380998,-0.465370425,-0.101383627,-0.371935834,-0.803416097,-0.13472448,-0.168158408,0.483824221,-0.796806287,0.17239367,0.033558375,-0.438973408,0.140804025,0.301170633,0.108881742,0.006013933,-0.460484491
119547,75494,1.105927654,-1.112180942,-0.423659256,-1.930295922,-1.108325091,-1.56209081,0.180075378,-0.521138293,-0.184264565,-0.293608212,-0.16474666,0.773408506,1.150635421,0.199458812,1.265141858,-2.277561667,0.183117916,0.943930018,-0.006685713,-0.060626766,-0.282064394,-0.567335861,-0.203207031,0.431071356,0.566649216,-0.013552828,-0.021083337,0.052038317,0.234550994,-5.001568212
119144,75352,1.486573223,-0.339194903,-0.555451141,-0.835816589,-0.223511443,-0.903264038,-0.013867389,-0.362631378,-1.13187977,0.669673115,-0.933552846,-0.752259425,0.522282627,0.012759186,0.461312318,0.970863403,0.097642359,-1.34327204,0.95475673,0.145735471,0.155651441,0.346911297,-0.282556785,-0.415861456,0.910268227,-0.047552294,-0.033164811,-0.004936472,0.029161304,1.41403514
108452,70911,1.282821274,0.288331528,0.324086995,0.491609665,-0.170590713,-0.664183302,0.121650377,-0.208579298,-0.039270052,-0.097378318,-0.513035344,0.684140417,1.295301741,0.036924875,0.955593006,0.418307548,-0.646584396,-0.469293218,0.058156332,-0.015630087,-0.27613586,-0.770468504,0.065912353,-0.08410899,0.315542861,0.140187159,-0.027087041,0.005934933,0.00583411,-0.829193919
168767,119380,-0.704843627,-1.561064373,0.352809445,-0.000233741,1.772826204,-0.933708806,-0.37756913,0.003497449,0.451905748,0.030870971,0.675898779,1.295270102,0.59966748,-0.205769815,-1.255787295,-0.073907966,-0.642134619,-0.13582269,0.743241789,0.535273193,0.006652149,-0.268353822,1.039029149,0.761991495,-2.531959952,-0.229204882,0.1037183,0.191311323,0.092623466,-6.519333142
104768,69226,-0.679021257,-0.770072407,1.610401631,-1.281976416,0.312936611,2.167183675,-1.042088784,0.87137072,-1.182372447,0.332062533,1.288696418,-0.646978698,-0.517371174,-0.043804976,1.787102297,0.32490185,1.007016785,-1.642334984,0.118936618,0.299044466,0.655617934,1.721093041,-0.019125274,-1.847804969,-0.523921931,0.161514474,0.190941625,0.109369638,0.077175207,-1.121764267
116073,74137,1.496552112,-1.555147416,-0.217000954,-2.475019809,0.253355997,3.794563101,-2.28266984,1.022632014,-1.365488817,1.421431858,-0.34087646,-1.032952275,0.748617934,-0.644430313,1.319488665,0.500572025,-0.301183326,1.154532325,-0.286999435,-0.136574327,0.020897077,0.357931011,-0.053417211,1.017160025,0.353242466,-0.019521308,0.09360655,0.036682199,0.033415896,8.060507148
182128,125273,-0.820044098,0.449977524,1.620234345,0.568533184,0.222632424,1.240954284,0.206939856,0.144431006,-0.486966731,1.159121973,0.307340757,0.028451792,0.552584721,-0.886602029,-0.920243582,1.844701422,-1.422159785,0.156585314,-0.816565979,0.019962198,-0.095182826,-0.03267807,0.237154119,0.2984278,-0.848733189,1.974089619,-0.371574452,-0.105852569,0.079087695,-3.642982957
164322,116640,-0.186094053,0.931120664,0.086217314,-0.681488441,0.389242427,-0.992567611,0.88658936,-0.10931274,0.307344822,-0.06237842,-1.193677837,-0.422364226,-0.967586092,0.240443667,-0.210056574,-0.080018478,-0.35688793,-0.682559393,-0.123058289,0.022532532,-0.310785718,-0.686895458,0.078120459,-0.218457467,-0.457084604,0.148659383,0.341673296,0.143203935,0.003804683,-0.201600103
36944,38749,-1.607706626,-1.351936369,0.553266977,1.912186834,-2.238526768,1.298958344,1.546880215,0.511914077,0.030891945,-1.141537653,-0.91599269,0.711300662,0.672480147,-0.211409905,-0.206264306,-0.526990552,0.507576004,-0.301841908,0.130154602,1.34564327,0.446037598,0.237517555,1.682155408,0.040099513,-0.511306958,-0.487306358,-0.141240064,0.017075842,0.80353855,5.270615505
165831,117697,-5.293178012,-4.469409673,-1.57717539,0.76519739,3.657338773,-2.085004255,-0.725514346,-0.461302559,0.292825684,-0.282957907,0.505985891,0.301334085,-0.312952666,-0.673004323,-0.423254794,1.21397214,0.005052423,0.601275736,0.845366135,-2.535348979,-0.393280212,-0.548039491,4.56346296,0.045245474,0.807063065,0.381145228,1.33548763,-0.83651807,0.013865562,0.620306884
236236,148729,1.635696774,-0.533650607,-0.335425652,1.44696608,-0.611645274,-0.393746928,-0.174574245,-0.141163297,0.675180494,0.095776172,-0.624867313,1.006940142,1.512617051,-0.219301407,0.695496505,0.351351334,-0.81076192,0.1141908,-0.898356675,0.168286871,0.359226252,0.875523474,-0.006629269,0.024394125,-0.112828884,-0.58163874,0.041964084,0.02105571,0.205628767,-5.06794414
50742,44632,-2.24285156,0.093870885,0.79752236,-0.231875408,-1.107655044,0.150256788,-0.201789839,1.177356384,-0.016862478,-0.889032614,0.443174286,0.082023894,-1.930005889,0.874149481,-0.411668168,0.590825465,-0.033198454,0.351305097,-0.776750292,-0.269321342,0.291013785,0.614880899,0.141031485,0.030586633,-0.105930929,0.460218714,0.070377418,-0.212128453,0.162773345,-0.205634854
161414,114169,1.905492422,-0.654351928,-0.32127201,0.282092943,-0.929995761,-0.574595491,-0.624949663,-0.025834042,1.567763428,-0.233908415,-0.979870792,0.266386687,-0.264424263,-0.119647041,0.593700232,0.066259736,-0.369848668,0.080693027,-0.202894343,-0.1541081,0.195802718,0.737933964,0.11864805,0.03528286,-0.193624891,0.114719299,0.00240784,-0.032511084,0.0609004,-0.991101601
261543,160071,-1.16681431,-0.561254581,1.221019292,-2.878051904,-1.4409949,-0.279328458,-0.126738442,0.480358646,-2.552171272,0.224955405,0.325381249,-0.733859557,-0.445063609,0.015702946,-1.331044184,-0.040666539,0.301231285,0.597768604,-0.572192287,-0.221908621,0.018727372,-0.019007248,-0.026189801,-0.034261824,0.618531665,-0.153617507,-0.130859835,-0.030534152,0.179035385,4.127568462
53001,45767,-0.605881859,-1.15222185,1.963899448,-0.937668162,-1.677965598,1.078779192,0.477571352,0.160892018,-0.517300967,0.064603438,0.888430841,-0.452238883,-1.061755389,-0.800151259,-1.184777391,0.582125114,0.651105646,-1.127524767,0.925964673,0.722075871,0.263753391,0.50402937,0.531005024,-0.009532211,-0.106044049,-0.312815068,-0.178363676,-0.179898013,0.369988842,3.492277972
19111,30032,-1.699968351,2.193133735,-0.143271793,0.650965055,-0.553384604,2.114559187,-2.099994682,-6.983328553,0.392422168,0.519614071,-0.083102184,0.773083249,-0.735330883,0.678059346,-0.170698807,0.242184674,-0.04564402,0.688522756,1.098717255,-1.594961137,6.577995808,-3.005834475,0.311969218,-0.963982149,1.015971609,-0.26182224,0.554612153,0.233183781,0.127915938,1.166139638
83506,59895,-3.29160204,-4.075092326,1.14443882,-1.039864405,0.07952488,0.001969047,0.570202284,0.468781349,1.030655562,-2.086915772,1.410140189,1.320268637,-0.054877678,0.051125115,0.521565906,-0.531967313,-0.137142027,0.317901313,-0.820499939,1.851119927,0.875325374,0.930193625,1.724095601,-0.365452413,0.580775559,-0.66801508,-0.196493238,0.087574885,0.823964282,3.334555184
48307,43588,-0.628221343,0.776297451,1.280479544,1.170986781,0.245796928,2.138283886,-0.415812893,1.007079058,0.154315969,-0.646693852,-1.118706836,1.094467758,0.433340486,-0.414140293,-2.048579043,-0.837108052,0.402195908,0.00778656,2.230902868,-0.024571969,-0.314303596,-0.563929192,-0.190515031,-1.686973607,-0.156220245,-0.357686678,0.107017155,0.06987878,0.01771848,1.48899883
209020,137378,1.479929478,-1.704754216,-1.514016855,-2.160443712,-0.035629185,1.227049718,-0.483566073,0.438862184,2.432487913,-1.457721712,1.23576989,1.65900289,-0.6919549,0.435617542,1.054951442,-1.612115096,0.552354826,-1.064605817,0.592205395,0.154056913,-0.135102455,-0.545908678,0.26310442,-0.777637339,-0.536219401,-1.20602921,0.070795038,-0.00892937,0.28673604,4.244352275
116134,74160,-0.941319996,0.178722322,1.533112286,0.070326433,-3.255128536,1.335943038,2.299245481,-0.306820219,0.561734792,-0.932313627,-0.923641491,-0.403705633,-0.713959329,-0.579576613,0.066500434,-0.230182631,0.36269491,-0.268871933,1.292960654,-0.242000014,-0.246027125,-0.194389707,0.06645586,0.486721063,-0.327575003,1.005732653,0.123356158,-0.067789104,0.66184632,-0.341383361
198266,132411,1.87580168,-0.692358196,-0.980814789,0.280633918,1.412533776,4.429888999,-1.670622897,1.270705501,1.248605573,0.137986673,-0.284763898,0.377884446,0.121680012,-0.199377419,1.243123275,0.671509131,-0.954442902,0.495818789,-0.967469449,-0.117446156,0.262338052,0.804403129,0.217900084,0.689418893,-0.271434973,-0.565375643,0.109420742,-0.020402496,0.021556805,-0.521635636
219965,141962,1.913736238,-0.456785136,-0.390598563,0.1259743,-0.470195678,-0.020087848,-0.599802578,0.099819624,0.732140095,0.125074593,0.987123778,1.331432647,0.571400212,-0.009759683,-0.187741399,0.644576031,-0.804621063,0.047204468,0.19457945,-0.078144498,-0.150840736,-0.431764,0.409366375,0.785941795,-0.643759345,0.19979402,-0.038649844,-0.026366795,0.043280063,0.104845116
47205,43137,-3.598323247,-0.98282275,0.586683721,-1.092496425,-2.222773141,0.168668884,-0.864261475,1.370004163,-0.840156883,-0.477548197,-0.046171392,0.254768967,-0.255851028,0.033450807,-1.813941196,1.723286789,0.573102934,-0.696036651,0.787262001,-0.287662813,0.111907145,0.044116713,-0.446148929,0.050116235,0.470516416,-0.357511376,-0.330986272,-0.203517106,0.233592738,-5.6355173
115851,74049,-0.998368141,0.5686018,2.192067184,0.677818656,-0.396665322,0.066877848,0.208299898,0.169710401,1.187530433,-0.639118914,-1.806745343,-0.117746164,-1.760127867,-0.742589782,-2.453516779,-0.64283848,0.285225146,-0.670378061,-0.014011514,-0.368829106,-0.287152846,-0.676633159,-0.028173349,0.324152371,-0.248881141,-0.784136823,-0.278402776,0.206697538,0.011718074,1.221440567
264718,161563,-1.469436155,-1.137075903,0.619278129,-2.884018769,0.164615221,-0.788948594,-0.807098286,0.428910602,-2.218427151,0.236004309,-2.422792296,-1.883936037,-0.550217104,-0.005308101,-0.578848307,-0.045936505,0.246570676,0.379381442,-0.375888029,-0.227786323,-0.103554487,-0.477810537,-0.459565501,-1.088041977,0.818514629,-0.053528987,-0.104662422,-0.180275592,0.016356604,1.939997962
226186,144532,-1.714330542,1.933439427,-0.964352724,-0.867005579,-0.148927636,-0.613589598,0.2521335,0.521113351,-0.031890816,0.361309652,0.29632495,1.301703413,0.690292558,0.484694685,-1.144128948,0.33274171,-0.540091252,-0.174618131,0.316229022,-0.194315958,-0.049868476,-0.528871802,0.127654905,-0.413980354,-0.43377603,0.048232386,-0.857602086,0.039386547,0.02638452,-4.260194279
131568,79653,-1.454533287,2.167541319,0.256878729,0.052487765,-0.61538248,0.799788102,-2.447148058,-7.462290873,-0.204735421,-0.475041966,-0.612442683,1.023495677,0.460448319,0.712036186,0.756934669,0.609596516,-0.081530273,-0.342841478,-0.341235839,-0.31853511,3.050507814,-2.056831697,0.734105911,-0.085901334,0.906466884,0.204212406,0.164257625,0.200559582,0.003814909,-4.824546592
75653,56186,-0.411050038,1.03299158,1.170335921,-0.182612647,0.450550396,0.007082454,0.535458028,0.223593044,-0.656300485,-0.397209078,1.468225744,0.719944862,0.337980322,-0.275467072,0.428279595,0.371138623,-0.098343652,-0.009303867,-0.057176154,0.118292302,-0.205455004,-0.496803431,-0.034172492,-0.353968744,-0.218738402,0.125424155,0.257816417,0.078492943,0.002817439,0.569452909
182157,125289,-1.075500827,0.998488598,1.257051779,2.519828461,2.190624834,1.58703681,1.158043937,0.053860085,-1.607462327,0.794876616,-1.087534357,-0.095963298,0.109036857,-0.456950194,-3.18654251,0.377849417,-1.013687108,0.274207595,-0.256909791,-0.006369271,-0.00063502,0.265925267,-0.595380866,-0.384648598,1.273444609,0.31380246,-0.290127096,-0.161722058,0.033468111,4.505487959
128509,78742,1.068063663,-0.714141659,0.914416797,0.122759473,-1.140118822,0.132318366,-0.744994009,0.26959579,1.120209026,-0.28264809,0.451700487,0.619175147,-1.033280869,-0.158661676,-0.872238467,0.224768779,-0.168352659,0.081062225,0.838445498,0.0224423,-0.177609339,-0.461877328,-0.021730358,0.072225272,0.095381914,0.945474075,-0.056323472,0.019492615,0.095461686,-4.995077887
218627,141399,0.23341775,1.368411758,-0.71412591,0.923051351,1.646180145,-0.693748497,1.462660273,-0.711192062,-1.198406897,0.046958131,-0.206350611,-0.134230473,1.340365595,-0.887489856,1.562293231,-1.128628589,1.272049732,0.277744904,2.657090796,0.403341952,0.070944473,0.554137788,-0.378901535,0.503933036,-0.28681089,0.943608733,-0.135663017,-0.015398737,0.003857526,-4.557727409
185667,126770,-1.723815511,0.169958792,1.223699144,-0.845273094,1.635655691,-1.637438618,0.577208486,-0.202292347,-0.288406858,-0.628018293,-0.874904651,0.306238212,0.388705749,-0.026057743,-0.495750512,0.044049673,-0.542630756,-0.857232991,-0.358529961,-0.137942153,-0.369505498,-0.923203264,-0.471344223,0.024069015,0.604330461,0.248331029,0.183447377,0.038358198,0.007790732,-3.937156395
264028,161234,1.966087791,-0.504645446,-0.163142828,0.795680535,-0.715675903,0.430406277,-1.078843797,0.167669159,2.123311684,-0.879189481,-1.661033548,1.238299795,1.550659784,-2.768449206,-1.699198436,0.20611531,0.792281659,0.082476133,0.480201641,-0.066545684,-0.230829784,-0.019446301,0.137144184,-0.636769356,-0.274654486,0.608535471,0.036139306,-0.024108908,0.008106542,-0.3536322
133628,80472,0.400023875,-1.344478103,-0.372013602,0.918809923,-0.787787396,-0.546281745,0.651448419,-0.185734756,0.016820728,-0.121358987,0.97632515,0.427217972,-1.199009331,0.737711658,-0.463537522,-0.018263348,-0.190210091,0.095250814,0.279124008,0.707780841,0.22772098,-0.260804116,-0.490260107,0.39820555,0.432568117,0.482533181,-0.159177017,0.059965523,0.547454619,-2.062553242
111484,72249,-0.902220609,0.97686282,0.814488595,1.178223678,-0.24375816,0.66303986,0.436267597,0.745758953,-0.635983609,-0.220157492,0.521830665,0.522936106,-0.750223791,0.637561572,-0.429270194,-0.756620795,0.457103313,0.065535411,1.115049703,0.195187263,0.075095548,0.248213308,0.07885408,-0.315148559,-0.043752493,-0.211597599,0.256881763,0.144138609,0.125841431,-4.470425222
32779,36966,0.884971153,-0.177817436,-0.204946685,1.408933355,-0.255471486,-0.878722559,0.584564893,-0.16198301,-0.092779666,0.038122458,-0.184997778,-0.609379409,-1.939333627,1.014037864,1.098789769,-0.452121149,0.184374557,-0.634130158,-0.81930655,0.023703425,0.11648577,-0.014114177,-0.201369478,0.379034428,0.618260193,-0.286584437,-0.038178255,0.046811447,0.21002896,1.859396573
46541,42831,-0.844779003,-1.050393901,2.298769096,-2.576886923,-0.737369616,0.709097142,-0.553791015,0.058449622,-1.628614836,0.96247462,-0.396566682,-0.90336794,0.178640234,-1.21476917,-1.337587431,0.144267963,-0.278278914,1.025991987,0.214278766,-0.311010998,-0.305069083,-0.143107541,-0.066429869,-0.873036978,0.453959588,-0.235133517,-0.144720318,-0.229868165,0.065026593,12.03613041
30698,36048,0.875047417,-0.995954018,0.796887997,0.137840866,-1.032700031,0.63268989,-0.715825062,0.384453053,1.099182304,-0.378195437,0.663111428,0.697873445,-1.028889531,-0.110456212,-0.610227298,-0.051287106,0.118593568,-0.354968964,0.480480442,0.122269196,-0.103547533,-0.403735469,-0.070687021,-0.253488505,0.002654848,0.9736807,-0.051908527,0.019383755,0.189502733,-0.484784291
48006,43461,0.697857179,-1.541461561,0.235004011,-1.373184358,-1.077479988,0.343256305,-0.504780297,0.228634473,1.753930175,-1.155306187,0.843715035,1.082361035,-0.254404231,0.079416325,1.005730911,-0.248946992,-0.248114616,0.573074374,0.780934019,0.466763337,0.297159587,0.538934908,-0.420665623,-0.56472225,0.363315186,0.1545228,0.004286554,0.042753014,0.349772624,0.301654284
103253,68572,-0.745197965,0.919602666,1.784513326,0.368079967,0.611027225,-0.580844503,0.702564542,-0.058586251,-0.704701799,-0.565783392,-0.898590511,-0.120350348,0.413097706,0.148987832,0.86183494,0.152079971,-0.618896374,0.131431443,0.063300496,0.067034452,-0.013862284,-0.113993583,-0.343920067,-0.107710801,0.53653418,-0.369458241,0.072808729,0.072331257,0.003724596,-1.316626161
104026,68889,1.010034767,-0.018848204,0.400380716,0.959376085,-0.1022478,0.385309135,-0.179977165,0.315578667,-0.059429676,0.08011118,1.621697612,0.615454772,-0.987282432,0.762346122,0.95211994,-0.144291443,-0.110789637,-0.454666003,-0.828763448,-0.171116132,0.034734197,0.067262496,0.00744238,-0.321317053,0.29708879,-0.41347301,0.043566207,0.024518456,0.052610692,-2.719659852
143201,85192,1.062563006,-0.236984084,1.198988901,1.732760627,-0.773247879,0.582925139,-0.545280493,0.296462093,1.343059275,-0.405469915,-1.215270588,0.639905317,-0.928556195,-0.609229625,-1.634518695,-1.115718723,0.808826661,-1.264241235,0.184269776,-0.226863095,-0.424440768,-0.776355842,0.078928534,0.078817438,0.399287951,-0.514488795,0.086425222,0.026467262,0.022626923,1.150903028
139921,83431,-0.17422846,1.135439013,1.171759125,0.805965981,0.369179692,-0.566228467,0.839167801,-0.177853697,-0.742695484,-0.229586438,-0.732098131,0.116984303,0.752253882,0.197292169,0.974824363,-0.265138453,-0.372858166,0.128175179,0.570763362,0.024232902,0.141556609,0.508644869,-0.217197936,0.06746319,-0.176489896,-0.308863295,0.162261455,0.179816583,0.002821447,10.81081579
30570,35991,-0.314897549,1.157738764,2.265782876,2.015946412,0.343688174,-0.009835122,0.91661882,-0.22546557,-0.895632449,0.241537975,-0.726119608,0.427456299,1.008929361,-0.669394439,-0.93947475,0.033283578,-0.38932825,-0.686548435,-0.422628383,0.048971075,-0.248357082,-0.406275958,-0.112731267,0.371506939,-0.073053568,-0.238199604,-0.089225718,-0.167657748,0.008563504,-1.014045928
175749,122476,-1.870893243,-1.063701679,1.395944481,0.813007728,1.734691978,1.462931061,0.050501946,0.16781226,0.403573385,0.681660574,0.872890324,-0.114554302,-0.786477098,-0.16663581,1.468426859,-0.563578504,-0.293422006,0.043157904,-0.138350388,-0.11336456,0.116899834,1.257782623,0.109627102,-1.619321714,-0.144429599,-0.290057039,-0.020479403,-0.044637859,0.122600699,2.764291108
198852,132684,1.575060918,-1.531146049,-0.606471301,-0.428602237,-1.072802945,0.035997531,-0.601304694,0.083109171,2.15312894,-0.704674809,-1.243229842,0.535087049,-0.334030454,-0.431330284,-0.185790733,-0.264272817,0.028196356,-0.495731352,0.61586384,0.282312373,-0.12751372,-0.611880878,0.208674656,0.639292112,-0.618270841,0.376243822,-0.059318892,0.000239799,0.289307368,-2.973624643
237482,149263,2.101090786,0.32773655,-2.541830463,0.471615064,0.914309741,-1.334746419,0.734576401,-0.480679572,0.075190028,-0.327447968,-0.502968137,0.089378115,0.032188151,-0.671938079,-0.196949251,-0.24847856,0.759939039,-0.244422002,-0.00185017,-0.139919398,0.034027927,0.256120091,-0.030802687,0.703012263,0.421516786,0.689252693,-0.107518526,-0.056471995,0.009803978,2.326056634
283240,171468,2.004902684,-0.58966626,-2.37302608,-1.882846186,1.050549427,0.645624984,0.037707498,0.193765635,1.341632521,-0.843107229,1.21050634,1.206525611,-0.881593744,0.895910324,0.490366969,-1.904037745,0.66914693,-1.31129454,0.352276468,-0.327081038,0.099769614,0.603984659,0.090740802,-0.683809001,0.185231513,-0.031133016,0.013222599,-0.09090647,0.000742745,-0.352645124
223461,143398,-5.723510232,5.465936532,-4.844327383,-0.604478898,-2.994597488,-1.895802345,-2.610045433,4.062953315,0.249294346,0.848264312,-1.95355937,2.15608341,1.501721314,2.647720501,0.170339647,0.44137743,1.134239794,0.155131911,-0.421722079,0.367187821,0.493216307,1.086951907,0.533714155,0.008847355,0.030320269,-0.153659369,0.402167292,0.377483961,0.004096729,-1.698974842
214990,139898,-0.505354548,1.353092952,0.715086574,0.71045964,1.281473592,-0.148557125,1.417057385,-0.17005124,-1.420830765,-0.278183769,0.539209258,0.853578681,0.570871191,0.50216907,-0.897721237,-0.964605427,-0.114446562,0.122914336,1.32963759,0.072567434,0.099608737,0.450664655,-0.682125408,-0.35298506,1.15575227,-0.172369168,0.062797892,0.06003386,-0.000592843,-0.153528687
238943,149892,-1.306166834,1.502885368,1.026973831,4.591501346,0.014160984,1.593658402,-0.555117572,0.990493759,-1.485859113,1.508727764,-0.316264942,-0.150018116,-1.026983652,0.362346992,-1.416731026,-0.474350175,0.773358303,0.573710884,1.827244946,-0.153924772,0.247944864,0.752735021,-0.384777624,0.739117936,-0.216255976,0.46650241,-0.554963021,-0.281502743,0.023256236,-1.350044417
22855,32473,1.080753693,0.158347784,0.431533372,1.22569947,0.121309053,0.614075819,-0.075064876,0.259962722,-0.039443279,0.006383016,1.455437173,1.53911233,0.186699116,0.203312242,-0.59171546,-0.828773159,0.290307006,-0.987085008,-0.428841882,-0.201992779,-0.032232927,0.214662908,-0.028389781,-0.270615216,0.582389073,-0.303001621,0.050881601,-0.005141188,0.002602214,-2.281462746
163111,115661,1.699754218,-2.163139013,0.553713513,-0.391464728,-2.065162616,1.19081091,-2.081552564,0.568069213,1.459181467,0.493674258,-0.062964208,0.353876546,-0.629462878,-1.384464073,-2.333430508,0.909230274,0.556355783,-0.582625769,1.073688577,0.255770119,0.405763115,1.275976277,0.02842958,0.774153155,-0.352289709,-0.032356519,0.058590828,-0.028076004,0.19796985,2.292186335
123210,76852,1.336521341,-0.027059859,-0.383678101,-1.138140288,0.126268942,-0.516459972,0.127637657,-0.171680271,0.976213425,-0.982481351,-0.535432548,0.862440052,0.946522752,0.261779613,1.779708702,-0.750010801,-0.239335039,-0.28566617,0.494862424,-0.078693767,0.016038662,0.288043112,-0.229235773,-0.714700661,0.869967138,-0.537492263,0.069419614,0.015204042,0.001742504,-0.769573294
194859,130792,1.988980314,-0.713510774,-0.659807471,-0.812609388,-0.715185731,-0.634985337,-0.573675158,-0.040720312,1.532091952,-0.403148111,-0.705068648,0.212996491,-0.223766953,0.07692296,1.26909137,0.332960539,-0.498614749,-0.188301892,0.302086723,-0.077064351,-0.168081309,-0.517343419,0.404478445,0.726644602,-0.651356053,0.290223218,-0.082058025,-0.030217424,0.059737269,2.074159752
142858,84980,-0.368112261,0.484476972,1.982325542,0.246666947,-0.346082201,-0.108115299,0.013325622,0.073102388,-0.387535072,-0.295369469,0.009085514,0.061148265,0.604715722,0.016040209,2.305069206,-0.569880333,0.487976062,-0.240737982,1.358329236,0.29989157,0.201147951,0.705563495,-0.088518553,0.184437134,-0.404257039,1.363727686,0.07130862,0.07730918,0.024915737,0.234017549
155853,106613,1.999738484,-0.23687951,-0.293185977,0.585868207,-0.315159814,-0.057809391,-0.670442961,-0.119365053,2.578477599,-0.581258439,0.026991952,-1.405089419,3.138550326,0.954103376,-0.356718695,0.018204949,0.094561124,0.441700547,-0.41283334,-0.140946966,0.088564929,0.831832117,0.101103309,0.675930814,0.005079793,-0.237838719,0.01306385,-0.014932777,0.012901496,-1.823326692
208031,136949,-2.296366288,0.159606048,0.038621871,0.933887391,-0.823097997,0.966119762,0.120115389,1.169454441,-0.306423343,-0.275514038,-0.12537068,-0.073134436,-0.916739552,0.936825177,0.653284739,0.712576994,-0.469033637,1.50232702,0.639187933,0.13058931,0.303691727,0.755442586,0.168990223,0.198594419,0.169731233,-0.350026925,0.484059858,-0.180568043,0.272235539,-0.370500161
3290,2839,1.255819512,0.010520626,-1.327838442,-0.036812402,2.225772456,3.291106912,-0.319913229,0.748147991,-0.157495561,0.055675394,-0.154029086,0.033960471,-0.028554103,0.541879166,1.119358436,0.363428841,-0.923683143,0.280406615,0.012748787,0.027633572,-0.018966791,-0.186402914,-0.166237976,1.003345895,0.833405098,-0.336257619,0.026390126,0.022550811,0.036626672,2.820383101
259076,158950,1.624969333,-1.363550547,-0.777439928,-0.543429088,-1.166187647,-0.877180795,-0.363429307,-0.17211479,1.63787654,-0.455449573,-0.925179688,0.019027846,-0.412617827,0.127889657,1.285830941,0.335809834,-0.525063139,0.239343405,0.056765601,0.252979389,0.297944977,0.487490896,-0.025611807,-0.059585459,-0.413980858,0.688112492,-0.069904026,-0.010443153,0.2856568,-1.773924537
202341,134288,1.911183942,0.443799003,-0.720350539,3.822371152,0.55169504,0.371282103,0.12783253,-0.044822625,-0.672396097,1.347601521,-1.574118313,-0.002963615,0.244913545,-0.081811277,-1.506601739,0.491881484,-0.588970582,-0.508572555,-1.296848908,-0.224816976,0.065201498,0.333377751,0.084326869,0.649101552,0.162832669,0.068723374,-0.037854009,-0.025539683,0.021203545,6.02826565
183335,125760,2.067513058,0.087591917,-1.275256704,0.354958693,0.077393882,-1.359530767,0.336193189,-0.470190736,0.418531852,-0.008602944,-0.477888656,0.912358693,1.198585774,0.247748749,0.628019461,-0.257752954,-0.556180415,-0.214633853,-0.251686217,-0.164823764,0.254095098,0.970065001,-0.015294648,0.125256612,0.322286179,-0.110092331,-0.029719009,-0.053612489,0.000248363,1.974505729
212987,139073,-1.412868124,-0.133512174,0.801892357,-1.036810206,1.566386761,-0.744677829,1.251109784,-0.345782285,0.375524446,-1.241215398,0.590339376,-0.659419596,-2.109723998,-1.512735802,-1.052310448,0.339279651,0.391217995,0.82617587,-0.025446213,-0.014854629,-0.331344453,-0.647674334,-0.241546189,-0.629581252,0.782512788,-0.08032911,-0.495087538,-0.316495384,0.085958397,-9.454677715
211406,138403,-0.626044155,0.29094807,-0.22233229,-0.758470009,1.640613113,-0.702890587,0.549886345,-0.056399579,0.239729635,-0.222444165,-1.898381094,-0.555079067,-0.752926107,0.226331278,-0.496387002,-0.057083514,-0.541767786,-0.357302671,0.351329398,-0.152549175,-0.244854731,-0.51662604,-0.091257299,0.024987854,-0.767273716,0.180898496,0.33712927,0.240438717,0.001252216,-5.213927903
24393,33216,-2.091752937,-5.672203413,-1.83889848,1.109514988,-2.045178373,0.37509924,1.9693481,-0.285868048,0.073868746,-0.813141818,1.068608699,-0.055367217,-1.424567658,1.168229338,1.083921831,0.499837084,-0.213262066,0.326740301,-0.467134542,3.305919275,1.092727161,-0.800779521,-1.564717033,-0.176725505,-0.366073899,0.943692615,-0.434893901,0.296509564,2.135649502,-7.973920979
123280,76874,1.098878151,0.039109461,1.194849833,1.28232913,-0.886148442,-0.408894034,-0.408988593,-0.013135049,0.352462562,-0.014041758,-0.326555404,0.584334177,0.957538465,-0.168872802,1.340067872,0.66744279,-0.753425673,0.242379783,-0.722500007,0.010185168,0.127941268,0.35919041,-0.070357239,0.384728464,0.350151963,-0.381795624,0.04752737,0.037976339,0.055275225,-1.695269686
49259,43984,-1.052901176,-0.418552101,3.353163609,-1.149450007,-1.366239201,0.167698223,-0.104443402,-0.119189012,0.63056309,0.388652512,-1.175669606,0.264702495,0.2031925,-1.990720621,-2.203478186,-2.148588939,0.445075775,0.58846836,-0.696964342,-0.066880737,-0.670054082,-0.489183045,-0.152386925,0.791716086,0.208087273,0.955861686,0.080043403,-0.239361167,0.061149231,-7.759472819
191384,129236,2.0486661,-0.908843083,-0.426967459,-0.525267292,-1.011876502,-0.251411905,-0.940156769,0.021577294,-0.295683775,0.968706829,0.442935636,0.772485675,0.548012155,-0.041718555,-0.33531428,-0.802464085,-0.622614954,1.424188583,-0.391071824,-0.52521437,-0.574819522,-1.164595017,0.446599199,-0.374025763,-0.723949573,0.225386963,-0.026901573,-0.049964754,0.028226775,2.315827392
170126,120032,0.158244678,1.067950993,-0.483461927,-0.614703221,1.073596494,-0.696457285,1.018472337,-0.12796866,-0.122166929,-0.864937696,-0.781529897,0.135256664,0.683894112,-1.154035406,-0.278216957,0.344327931,0.246790679,-0.238574344,-0.154955606,0.069720303,-0.342697172,-0.815870009,0.077348502,0.373417707,-0.366160174,0.125220341,0.229751682,0.06896447,0.005419421,0.875411459
20247,30893,1.24252501,0.080465067,0.358904478,0.440066456,-0.397262526,-0.509741724,-0.143989918,0.060749928,0.053431104,0.154705606,0.931684278,0.119219368,-1.253559097,0.73296147,0.516262781,0.672981319,-0.710323205,0.247865132,0.32657454,-0.177076893,-0.23992822,-0.832684785,0.106999558,-0.056447001,0.184511374,0.101392218,-0.057265391,-0.002795179,0.002658023,-1.867742971
112154,72538,1.199672485,-0.789162065,1.173545126,-0.324908507,-1.567583574,-0.361780017,-0.911676646,-0.000491913,-0.455247546,0.458431018,0.105638002,0.891264639,1.498105894,-0.606401973,0.545647789,-1.740578042,0.441316797,0.428361936,-1.368609125,-0.359684901,-0.166159599,0.152002275,0.045893673,0.694979872,0.093885709,1.177030908,0.002386592,0.017806688,0.052200862,-2.972898445
215351,140037,-1.252787008,0.756149035,-0.274641221,-0.505395348,0.444677375,-1.219119352,0.802405306,0.327536081,0.065820373,-1.840364398,-0.985669216,-0.234791573,-0.590786056,-1.296326575,-0.456800666,0.175484774,1.258496586,0.414462869,0.003281809,0.223477005,-0.136300983,-0.54005021,-0.042004854,-0.24690748,0.194220246,-0.069217944,0.22431104,0.111052881,0.10913955,0.005689293
177636,123268,-0.428678222,-0.78823644,-1.321308162,-2.773949249,0.160207991,4.641367569,0.484609299,0.954628354,-0.727335361,-0.032481845,-0.238083825,-0.874991508,0.17399244,-0.334521111,0.556725522,1.490353146,-0.267498406,-0.882292342,-0.095362116,0.066893216,0.476136081,1.370651237,0.385340957,0.74906187,-0.651726414,-0.198060625,-0.090364018,-0.292155186,0.473782617,2.711338693
63097,50556,-1.657050027,0.824981341,1.304771255,1.041649399,0.011359161,-0.63000878,0.257393402,0.32853984,-0.78433056,-0.378226015,-0.158125883,-0.086872784,-0.497451351,0.750028565,1.465753803,-0.556006191,0.469886344,-0.371263914,0.053066412,-0.251649625,0.158821102,0.322422669,-0.483799433,0.449018129,0.317668847,-0.203185404,-0.215084496,-0.104038052,0.041442486,7.752294017
155662,106049,1.990265309,-0.242827898,-0.160186654,0.567939861,-0.720598519,-0.745093114,-0.645484098,-0.073707786,2.841505659,-0.566133981,0.043563294,-2.710660977,0.357848837,1.782947458,0.533112022,0.203997208,0.208249512,0.355586248,-0.420326565,-0.394747414,-0.292708363,-0.490265438,0.380397769,-0.179678177,-0.451994069,-0.952972396,0.03295946,-0.043616986,0.000811873,1.398458964
209738,137690,-0.439454937,1.083455353,0.098812524,0.597216107,1.526357221,-0.309301562,1.77931773,-0.710834492,0.088651441,1.472662403,0.424308702,-0.298562744,-1.308785944,0.090794349,-0.745959355,-1.138944767,-0.475892105,0.265820307,1.155047631,0.415970222,-0.112650639,0.652403321,-0.478869873,-0.481600948,0.041961318,-0.441540071,0.197258124,-0.326611741,0.030688597,-0.847451747
30308,35869,-0.629533189,1.083419564,1.359928787,0.73942573,0.29910255,-0.694641266,1.367105081,-0.65251786,-0.055052166,0.804347123,-0.218497075,-0.053938385,0.437684937,-0.322368074,1.063405229,-0.547859144,-0.456429633,-0.03153977,0.385135423,0.367928549,-0.029203054,0.573805343,-0.134005241,0.420173582,-0.163383026,-0.367301026,0.085093829,-0.139216772,0.05823375,3.562359455
211724,138542,-2.994010722,-4.297905358,-1.402124028,-0.986539593,-3.742097526,2.206834715,3.856769698,0.291537033,-1.537800162,-1.394449674,0.090166328,-0.409636073,0.063187227,0.055240274,-1.318854803,1.698374273,-0.014111618,-0.519669833,0.756089562,3.12130548,0.741964931,-0.739932746,3.271246892,0.012031074,0.390129202,-0.621692522,-0.591667368,-0.082787368,1.705511898,-7.220223171
81453,58939,0.792670074,-1.033707255,0.716559462,-0.790834326,-0.438508001,1.743246637,-0.847746323,0.697532703,1.739056875,-1.284175324,1.978768988,2.221204766,0.041639317,-0.130682016,0.598980616,-1.97464511,1.161832221,-1.61903793,-0.383759375,-0.018890826,0.067173601,0.476554233,-0.018354198,-0.981167541,0.177232936,-0.624960757,0.149538952,0.032535594,0.14568601,-7.141098816
43670,41606,-2.258877814,-0.290555911,0.664418285,0.4895349,-1.41551992,0.141775823,-0.640412336,1.007383165,-1.453992591,0.51397257,0.192148755,0.854905725,0.906144749,0.370443459,-0.248934012,-1.261388792,0.122404045,2.328793324,0.028989921,-0.030516568,-0.032958607,0.157118405,-0.188518019,0.031711263,-0.035278602,-0.193016957,0.390643875,-0.056263769,0.196126117,-3.70015161
127188,78241,-0.976884067,1.134676615,1.878739411,1.155795345,1.092523646,0.317228033,0.842455991,0.252184172,-1.774071329,0.044668706,0.893533231,0.271646547,-0.140652042,0.413548326,-0.562934649,0.750184877,-0.88075235,-0.179036178,-1.362827883,-0.098259776,-0.01274945,-0.241472196,-0.248660847,-0.348570273,0.39429371,-0.17444801,0.014191175,0.041084118,0.017116448,5.751213705
264725,161567,-1.892719446,0.712316804,0.170528377,0.716184719,0.364710315,-0.792030398,0.227073982,0.650988852,-0.606635545,-1.065292346,-1.561535332,0.532860069,0.297446977,0.531582677,-0.97295639,-0.374470507,0.153251203,-0.213429889,-0.270432823,-0.389664487,0.243476989,0.544340336,-0.791487854,-0.020836195,1.317603409,-0.256542113,-0.250508614,-0.442257875,0.07087567,-5.792941459
35647,38212,1.142165853,-0.225131693,0.248616724,0.711534131,-0.328140796,-0.164536783,-0.041224507,-0.037915014,0.646928109,-0.246688151,-1.458318671,0.005633741,-0.226198214,-0.080076371,-0.02582653,0.079512172,-0.286610075,-0.38592816,0.521061478,0.037995825,-0.317686622,-0.920999984,-0.091217473,-0.412556423,0.393353615,0.211506747,-0.017996529,0.030407852,0.097769424,-4.505781464
251422,155347,-3.394004632,1.040244878,-1.797881334,-0.365581279,-0.707239282,-1.400985423,0.024954425,1.027961891,0.69942034,0.57846243,-1.360578537,0.206815244,-0.563277225,0.838472884,-0.151352282,0.337314622,0.070640808,-0.712782364,-0.193501892,-0.429100451,-0.507347655,-0.763534517,0.476090881,-0.093079915,-0.130762637,0.181696623,0.801148198,-0.455159605,0.013109799,2.572011999
134928,81038,-0.147521903,0.045745034,2.39494853,-1.024466108,-1.213969996,-0.57494044,-0.463745766,0.018622099,-0.857794205,0.042226408,-0.219306993,-0.049086154,1.277839294,-1.053095814,-0.008397985,0.958405922,0.399749269,-1.118606772,0.479400892,0.16739362,0.408862077,1.291951985,-0.233296323,0.81439871,0.002791191,-0.125086824,0.084336608,0.015300258,-0.000603354,-0.824920743
